holiday_date,description
2006-01-01,New Years Day
2006-01-02,New Years Holiday
2006-01-03,New Years Holiday
2006-01-09,Coming-of-age Day
2006-02-11,National Foundation Day
2006-03-21,Vernal Equinox Day
2006-04-29,Greenery Day
2006-05-03,Constitution Memorial Day
2006-05-04,National Holiday
2006-05-05,Childrens Day
2006-07-17,Marine Day
2006-09-18,Respect-for-the-aged Day
2006-09-23,Autumnal Equinox Day
2006-10-09,Health-sports Day
2006-11-03,Culture Day
2006-11-23,Labor Thanksgiving Day
2006-12-23,Emperors Birthday
2007-01-01,New Years Day
2007-01-02,Bank Holiday
2007-01-03,Bank Holiday
2007-01-08,Coming-of-age Day
2007-02-12,Natl Foundation Day (obs)
2007-03-21,Vernal Equinox Day
2007-04-30,Showa Day (obs)
2007-05-03,Constitution Memorial Day
2007-05-04,Greenery Day
2007-05-05,Childrens Day
2007-07-16,Marine Day
2007-09-17,Respect-for-the-aged Day
2007-09-24,Autumnal Equinox Day (obs)
2007-10-08,Health-sports Day
2007-11-03,Culture Day
2007-11-23,Labor Thanksgiving Day
2007-12-24,Emperors Birthday (obs)
2007-12-31,Bank Holiday
2008-01-01,New Years Day
2008-01-02,New Years Holiday
2008-01-03,Bank Holiday
2008-01-14,Coming-of-age Day
2008-02-11,National Foundation Day
2008-03-20,Vernal Equinox Day
2008-04-29,Showa Day
2008-05-03,Constitution Memorial Day
2008-05-04,Greenery Day
2008-05-05,Childrens Day
2008-05-06,National Holiday
2008-07-21,Marine Day
2008-09-15,Respect-for-the-aged Day
2008-09-23,Autumnal Equinox Day
2008-10-13,Health-sports Day
2008-11-03,Culture Day
2008-11-24,Labor Thanksgiving (obs)
2008-12-23,Emperors Birthday
2008-12-31,Bank Holiday
2009-01-01,New Years Day
2009-01-02,New Years Holiday
2009-01-12,Coming-of-age Day
2009-02-11,National Foundation Day
2009-03-20,Vernal Equinox Day
2009-04-29,Showa Day
2009-05-03,Constitution Memorial Day
2009-05-04,Greenery Day
2009-05-05,Childrens Day
2009-05-06,National Holiday
2009-07-20,Marine Day
2009-09-21,Respect-for-the-aged Day
2009-09-22,National Holiday
2009-09-23,Autumnal Equinox Day
2009-10-12,Health-sports Day
2009-11-03,Culture Day
2009-11-23,Labor Thanksgiving Day
2009-12-23,Emperors Birthday
2009-12-31,Bank Holiday
2010-01-01,New Years Day
2010-01-11,Coming-of-age Day
2010-02-11,National Foundation Day
2010-03-22,Vernal Equinox Day (obs)
2010-04-29,Showa Day
2010-05-03,Constitution Memorial Day
2010-05-04,Greenery Day
2010-05-05,Childrens Day
2010-07-19,Marine Day
2010-09-20,Respect-for-the-aged Day
2010-09-23,Autumnal Equinox Day
2010-10-11,Health-sports Day
2010-11-03,Culture Day
2010-11-23,Labor Thanksgiving Day
2010-12-23,Emperors Birthday
2010-12-31,Bank Holiday
2011-01-01,New Years Day
2011-01-02,New Years Holiday
2011-01-03,Bank Holiday
2011-01-10,Coming-of-age Day
2011-02-11,National Foundation Day
2011-03-21,Vernal Equinox Day
2011-04-29,Showa Day
2011-05-03,Constitution Memorial Day
2011-05-04,Greenery Day
2011-05-05,Childrens Day
2011-07-18,Marine Day
2011-09-19,Respect-for-the-aged Day
2011-09-23,Autumnal Equinox Day
2011-10-10,Health-sports Day
2011-11-03,Culture Day
2011-11-23,Labor Thanksgiving Day
2011-12-23,Emperors Birthday
2011-12-31,Bank Holiday
2012-01-02,New Years Day
2012-01-03,Bank Holiday
2012-01-09,Coming-of-age Day
2012-02-11,National Foundation Day
2012-03-20,Vernal Equinox Day
2012-04-30,Showa Day (obs)
2012-05-03,Constitution Memorial Day
2012-05-04,Greenery Day
2012-05-05,Childrens Day
2012-07-16,Marine Day
2012-09-17,Respect-for-the-aged Day
2012-09-22,Autumnal Equinox Day
2012-10-08,Health-sports Day
2012-11-03,Culture Day
2012-11-23,Labor Thanksgiving Day
2012-12-24,Emperors Birthday (obs)
2012-12-31,Bank Holiday
2013-01-01,New Years Day
2013-01-02,Bank Holiday
2013-01-03,Bank Holiday
2013-01-14,Coming-of-age Day
2013-02-11,National Foundation Day
2013-03-20,Vernal Equinox Day
2013-04-29,Showa Day
2013-05-03,Constitution Memorial Day
2013-05-04,Greenery Day
2013-05-05,Childrens Day
2013-05-06,Childrens Day (obs)
2013-07-15,Marine Day
2013-09-16,Respect-for-the-aged Day
2013-09-23,Autumnal Equinox Day
2013-10-14,Health-sports Day
2013-11-03,Culture Day
2013-11-04,Culture Day (obs)
2013-11-23,Labor Thanksgiving Day
2013-12-23,Emperors Birthday
2013-12-31,Bank Holiday
2014-01-01,New Years Day
2014-01-02,Bank Holiday
2014-01-03,Bank Holiday
2014-01-13,Coming-of-age Day
2014-02-11,National Foundation Day
2014-03-21,Vernal Equinox Day
2014-04-29,Showa Day
2014-05-03,Constitution Memorial Day
2014-05-04,Greenery Day
2014-05-05,Childrens Day
2014-05-06,Greenery Day (obs)
2014-07-21,Marine Day
2014-09-15,Respect-for-the-aged Day
2014-09-23,Autumnal Equinox Day
2014-10-13,Health-sports Day
2014-11-03,Culture Day
2014-11-23,Labor Thanksgiving Day
2014-11-24,Labor Thanksgiving (obs)
2014-12-23,Emperors Birthday
2014-12-31,Bank Holiday
2015-01-01,New Years Day
2015-01-02,Bank Holiday
2015-01-03,Bank Holiday
2015-01-12,Coming-of-age Day
2015-02-11,National Foundation Day
2015-03-21,Vernal Equinox Day
2015-04-29,Showa Day
2015-05-03,Constitution Memorial Day
2015-05-04,Greenery Day
2015-05-05,Childrens Day
2015-05-06,National Holiday
2015-07-20,Marine Day
2015-09-21,Respect-for-the-aged Day
2015-09-22,National Holiday
2015-09-23,Autumnal Equinox Day
2015-10-12,Health-sports Day
2015-11-03,Culture Day
2015-11-23,Labor Thanksgiving Day
2015-12-23,Emperors Birthday
2015-12-31,Bank Holiday
2016-01-01,New Years Day
2016-01-02,Bank Holiday
2016-01-03,Bank Holiday
2016-01-11,Coming-of-age Day
2016-02-11,National Foundation Day
2016-03-20,Vernal Equinox Day
2016-03-21,Vernal Equinox Day (obs)
2016-04-29,Showa Day
2016-05-03,Constitution Memorial Day
2016-05-04,Greenery Day
2016-05-05,Childrens Day
2016-07-18,Marine Day
2016-08-11,Mountain Day
2016-09-19,Respect-for-the-aged Day
2016-09-22,Autumnal Equinox Day
2016-10-10,Health-sports Day
2016-11-03,Culture Day
2016-11-23,Labor Thanksgiving Day
2016-12-23,Emperors Birthday
2016-12-31,Bank Holiday
2017-01-01,New Years Day
2017-01-02,New Years Day (obs)
2017-01-03,Bank Holiday
2017-01-09,Coming-of-age Day
2017-02-11,National Foundation Day
2017-03-20,Vernal Equinox Day
2017-04-29,Showa Day
2017-05-03,Constitution Memorial Day
2017-05-04,Greenery Day
2017-05-05,Childrens Day
2017-07-17,Marine Day
2017-08-11,Mountain Day
2017-09-18,Respect-for-the-aged Day
2017-09-23,Autumnal Equinox Day
2017-10-09,Health-sports Day
2017-11-03,Culture Day
2017-11-23,Labor Thanksgiving Day
2017-12-23,Emperors Birthday
2017-12-31,Bank Holiday
2018-01-01,New Years Day
2018-01-02,Bank Holiday
2018-01-03,Bank Holiday
2018-01-08,Coming-of-age Day
2018-02-12,National Foundation Day
2018-03-21,Vernal Equinox Day
2018-04-30,Showa Day (obs)
2018-05-03,Constitution Memorial Day
2018-05-04,Greenery Day
2018-05-05,Childrens Day
2018-07-16,Marine Day
2018-08-11,Mountain Day
2018-09-17,Respect-for-the-aged Day
2018-09-24,Autumnal Equinox Day (obs)
2018-10-08,Health-sports Day
2018-11-03,Culture Day
2018-11-23,Labor Thanksgiving Day
2018-12-24,Emperors Birthday (obs)
2018-12-31,Bank Holiday
